"Job","User","Project","Host Name","Partition","QOS","Submit","Start","End","Wait Time","Elapsed Secs","CPUs","Nodes Allocated","Hours Charged","Raw Hours","Machine Hours"
"","Paley, Daniel","lcls","cori haswell","resv","resv","2020-09-11 14:23:55","2020-09-11 14:24:03","2020-09-11 14:24:28","8","25","2048","32","31.11111111111111","0.2222222222222222","31.11111111111111"
"","Paley, Daniel","lcls","cori haswell","resv","resv","2020-09-11 14:43:38","2020-09-11 14:43:51","2020-09-11 14:44:39","13","48","2048","32","59.733333333333334","0.4266666666666667","59.733333333333334"
"","Paley, Daniel","lcls","cori haswell","resv","resv","2020-09-11 14:55:02","2020-09-11 14:55:12","2020-09-11 14:55:47","10","35","2048","32","43.55555555555556","0.3111111111111111","43.55555555555556"
"","Paley, Daniel","lcls","cori haswell","resv","resv","2020-09-11 14:56:54","2020-09-11 14:57:06","2020-09-11 14:57:45","12","39","2048","32","48.53333333333333","0.3466666666666667","48.53333333333333"
"","Paley, Daniel","lcls","cori haswell","resv","resv","2020-09-11 15:00:57","2020-09-11 15:01:10","2020-09-11 15:01:37","13","27","2048","32","33.6","0.24","33.6"
"","Paley, Daniel","lcls","cori haswell","resv","resv","2020-09-11 15:22:37","2020-09-11 15:22:47","2020-09-11 15:26:28","10","221","2048","32","275.02222222222224","1.9644444444444444","275.02222222222224"
"","Paley, Daniel","lcls","cori haswell","resv","resv","2020-09-11 16:53:34","2020-09-11 16:53:42","2020-09-11 16:54:11","8","29","2048","32","36.08888888888889","0.2577777777777778","36.08888888888889"
"","Paley, Daniel","lcls","cori haswell","resv","resv","2020-09-13 22:14:22","2020-09-13 22:14:22","2020-09-13 22:28:10","0","828","64","1","32.2","0.23","32.2"
"","Paley, Daniel","lcls","cori haswell","resv","resv","2020-09-13 22:30:47","2020-09-13 22:30:47","2020-09-13 22:37:00","0","373","64","1","14.505555555555556","0.10361111111111111","14.505555555555556"
"","Paley, Daniel","lcls","cori haswell","resv","resv","2020-09-13 22:40:42","2020-09-13 22:40:42","2020-09-13 22:41:55","0","73","64","1","2.838888888888889","0.020277777777777777","2.838888888888889"
"","Paley, Daniel","lcls","cori haswell","resv","resv","2020-09-14 09:19:27","2020-09-14 09:19:34","2020-09-14 09:21:47","7","133","1920","30","155.16666666666666","1.1083333333333334","155.16666666666666"
"","Paley, Daniel","lcls","cori haswell","resv","resv","2020-09-14 09:26:57","2020-09-14 09:26:57","2020-09-14 09:57:01","0","1804","64","1","70.15555555555555","0.5011111111111111","70.15555555555555"
"","Paley, Daniel","lcls","cori haswell","resv","resv","2020-09-14 09:50:49","2020-09-14 09:51:20","2020-09-14 09:53:22","31","122","1920","30","142.33333333333334","1.0166666666666666","142.33333333333334"
"","Paley, Daniel","lcls","cori haswell","resv","resv","2020-09-14 09:57:18","2020-09-14 09:57:18","2020-09-14 10:27:29","0","1811","64","1","70.42777777777778","0.5030555555555556","70.42777777777778"
"","Paley, Daniel","lcls","cori haswell","resv","resv","2020-09-14 10:26:06","2020-09-14 10:26:19","2020-09-14 10:28:21","13","122","1920","30","142.33333333333334","1.0166666666666666","142.33333333333334"
"","Paley, Daniel","lcls","cori haswell","resv","resv","2020-09-14 10:26:13","2020-09-14 10:29:00","2020-09-14 10:31:04","167","124","1920","30","144.66666666666666","1.0333333333333334","144.66666666666666"
"","Paley, Daniel","lcls","cori haswell","resv","resv","2020-09-14 10:26:20","2020-09-14 10:31:53","2020-09-14 10:34:55","333","182","1920","30","212.33333333333334","1.5166666666666666","212.33333333333334"
"","Paley, Daniel","lcls","cori haswell","resv","resv","2020-09-14 10:26:24","2020-09-14 10:35:06","2020-09-14 10:36:57","522","111","1920","30","129.5","0.925","129.5"
"","Paley, Daniel","lcls","cori haswell","resv","resv","2020-09-14 10:26:26","2020-09-14 10:37:35","2020-09-14 10:39:55","669","140","1920","30","163.33333333333334","1.1666666666666667","163.33333333333334"
"","Paley, Daniel","lcls","cori haswell","resv","resv","2020-09-14 10:26:29","2020-09-14 10:40:01","2020-09-14 10:41:58","812","117","1920","30","136.5","0.975","136.5"
"","Paley, Daniel","lcls","cori haswell","resv","resv","2020-09-14 10:26:30","2020-09-14 10:42:36","2020-09-14 10:44:41","966","125","1920","30","145.83333333333334","1.0416666666666667","145.83333333333334"
"","Paley, Daniel","lcls","cori haswell","resv","resv","2020-09-14 10:26:31","2020-09-14 10:45:13","2020-09-14 10:49:00","1122","227","1920","30","264.8333333333333","1.8916666666666666","264.8333333333333"
"","Paley, Daniel","lcls","cori haswell","resv","resv","2020-09-14 10:26:32","2020-09-14 10:49:32","2020-09-14 10:51:32","1380","120","1920","30","140","1","140"
"","Paley, Daniel","lcls","cori haswell","resv","resv","2020-09-14 10:26:33","2020-09-14 10:52:05","2020-09-14 10:54:22","1532","137","1920","30","159.83333333333334","1.1416666666666666","159.83333333333334"
"","Paley, Daniel","lcls","cori haswell","resv","resv","2020-09-14 10:26:34","2020-09-14 10:54:56","2020-09-14 10:57:05","1702","129","1920","30","150.5","1.075","150.5"
"","Paley, Daniel","lcls","cori haswell","resv","resv","2020-09-14 10:26:35","2020-09-14 10:57:36","2020-09-14 10:59:43","1861","127","1920","30","148.16666666666666","1.0583333333333333","148.16666666666666"
"","Paley, Daniel","lcls","cori haswell","resv","resv","2020-09-14 10:26:36","2020-09-14 11:00:48","2020-09-14 11:04:58","2052","250","1920","30","291.6666666666667","2.0833333333333335","291.6666666666667"
"","Paley, Daniel","lcls","cori haswell","resv","resv","2020-09-14 10:45:50","2020-09-14 10:47:44","2020-09-14 10:49:10","114","86","64","1","3.3444444444444446","0.02388888888888889","3.3444444444444446"
"","Paley, Daniel","lcls","cori haswell","resv","resv","2020-09-14 10:49:34","2020-09-14 10:49:46","2020-09-14 11:15:23","12","1537","64","1","59.772222222222226","0.42694444444444446","59.772222222222226"
"","Paley, Daniel","lcls","cori haswell","resv","resv","2020-09-14 11:15:31","2020-09-14 11:15:31","2020-09-14 11:23:10","0","459","64","1","17.85","0.1275","17.85"
"","Paley, Daniel","lcls","cori haswell","resv","resv","2020-09-14 13:05:36","2020-09-14 13:05:43","2020-09-14 13:07:33","7","110","1920","30","128.33333333333334","0.9166666666666666","128.33333333333334"
"","Paley, Daniel","lcls","cori haswell","resv","resv","2020-09-14 13:56:34","2020-09-14 13:56:47","2020-09-14 13:59:11","13","144","1920","30","168","1.2","168"
"","Paley, Daniel","lcls","cori haswell","resv","resv","2020-09-14 13:56:37","2020-09-14 13:59:52","2020-09-14 14:02:06","195","134","1920","30","156.33333333333334","1.1166666666666667","156.33333333333334"
"","Paley, Daniel","lcls","cori haswell","resv","resv","2020-09-14 13:56:41","2020-09-14 14:02:17","2020-09-14 14:04:26","336","129","1920","30","150.5","1.075","150.5"
"","Paley, Daniel","lcls","cori haswell","resv","resv","2020-09-14 13:56:46","2020-09-14 14:04:59","2020-09-14 14:06:50","493","111","1920","30","129.5","0.925","129.5"
"","Paley, Daniel","lcls","cori haswell","resv","resv","2020-09-14 14:00:04","2020-09-14 14:07:15","2020-09-14 14:09:53","431","158","1920","30","184.33333333333334","1.3166666666666667","184.33333333333334"
"","Paley, Daniel","lcls","cori haswell","resv","resv","2020-09-14 14:00:10","2020-09-14 14:09:59","2020-09-14 14:12:18","589","139","1920","30","162.16666666666666","1.1583333333333334","162.16666666666666"
"","Paley, Daniel","lcls","cori haswell","resv","resv","2020-09-14 14:00:13","2020-09-14 14:12:53","2020-09-14 14:16:15","760","202","1920","30","235.66666666666666","1.6833333333333333","235.66666666666666"
"","Paley, Daniel","lcls","cori haswell","resv","resv","2020-09-14 14:00:16","2020-09-14 14:17:17","2020-09-14 14:23:28","1021","371","1920","30","432.8333333333333","3.091666666666667","432.8333333333333"
"","Paley, Daniel","lcls","cori haswell","resv","resv","2020-09-14 14:00:17","2020-09-14 14:24:04","2020-09-14 14:26:42","1427","158","1920","30","184.33333333333334","1.3166666666666667","184.33333333333334"
"","Paley, Daniel","lcls","cori haswell","resv","resv","2020-09-14 14:00:18","2020-09-14 14:26:51","2020-09-14 14:30:06","1593","195","1920","30","227.5","1.625","227.5"
"","Paley, Daniel","lcls","cori haswell","resv","resv","2020-09-14 14:00:20","2020-09-14 14:30:12","2020-09-14 14:32:36","1792","144","1920","30","168","1.2","168"
"","Paley, Daniel","lcls","cori haswell","resv","resv","2020-09-14 14:00:22","2020-09-14 14:32:42","2020-09-14 14:35:27","1940","165","1920","30","192.5","1.375","192.5"
"","Paley, Daniel","lcls","cori haswell","resv","resv","2020-09-14 14:00:24","2020-09-14 14:36:03","2020-09-14 14:37:58","2139","115","1920","30","134.16666666666666","0.9583333333333334","134.16666666666666"
"","Paley, Daniel","lcls","cori haswell","resv","resv","2020-09-14 14:00:25","2020-09-14 14:38:35","2020-09-14 14:40:49","2290","134","1920","30","156.33333333333334","1.1166666666666667","156.33333333333334"
"","Paley, Daniel","lcls","cori haswell","resv","resv","2020-09-14 14:44:49","2020-09-14 14:44:57","2020-09-14 14:44:58","8","1","1920","30","1.1666666666666667","0.008333333333333333","1.1666666666666667"
"","Paley, Daniel","lcls","cori haswell","resv","resv","2020-09-14 15:07:08","2020-09-14 15:07:18","2020-09-14 15:09:21","10","123","1920","30","143.5","1.025","143.5"
"","Paley, Daniel","lcls","cori haswell","resv","resv","2020-09-14 15:18:13","2020-09-14 15:18:56","2020-09-14 15:21:10","43","134","1920","30","156.33333333333334","1.1166666666666667","156.33333333333334"
"","Paley, Daniel","lcls","cori haswell","resv","resv","2020-09-14 16:01:29","2020-09-14 16:01:40","2020-09-14 16:04:19","11","159","1920","30","185.5","1.325","185.5"
"","Paley, Daniel","lcls","cori haswell","resv","resv","2020-09-14 16:18:04","2020-09-14 16:24:16","2020-09-14 16:26:42","372","146","1920","30","170.33333333333334","1.2166666666666666","170.33333333333334"
"","Paley, Daniel","lcls","cori haswell","resv","resv","2020-09-14 16:45:58","2020-09-14 16:46:10","2020-09-14 16:47:41","12","91","1920","30","106.16666666666667","0.7583333333333333","106.16666666666667"
"","Paley, Daniel","lcls","cori haswell","resv","resv","2020-09-14 16:46:03","2020-09-14 16:48:05","2020-09-14 16:49:45","122","100","1920","30","116.66666666666667","0.8333333333333334","116.66666666666667"
"","Paley, Daniel","lcls","cori haswell","resv","resv","2020-09-14 16:46:07","2020-09-14 16:49:51","2020-09-14 16:51:58","224","127","1920","30","148.16666666666666","1.0583333333333333","148.16666666666666"
"","Paley, Daniel","lcls","cori haswell","resv","resv","2020-09-14 16:52:51","2020-09-14 16:52:51","2020-09-14 17:00:17","0","446","64","1","17.344444444444445","0.1238888888888889","17.344444444444445"
"","Paley, Daniel","lcls","cori haswell","resv","resv","2020-09-14 17:02:38","2020-09-14 17:02:50","2020-09-14 17:05:05","12","135","1920","30","157.5","1.125","157.5"
"","Paley, Daniel","lcls","cori haswell","resv","resv","2020-09-14 17:02:39","2020-09-14 17:05:46","2020-09-14 17:08:49","187","183","1920","30","213.5","1.525","213.5"
"","Paley, Daniel","lcls","cori haswell","resv","resv","2020-09-14 17:02:40","2020-09-14 17:08:58","2020-09-14 17:11:10","378","132","1920","30","154","1.1","154"
"","Paley, Daniel","lcls","cori haswell","resv","resv","2020-09-14 17:02:45","2020-09-14 17:11:53","2020-09-14 17:13:55","548","122","1920","30","142.33333333333334","1.0166666666666666","142.33333333333334"
"","Paley, Daniel","lcls","cori haswell","resv","resv","2020-09-14 17:02:59","2020-09-14 17:13:59","2020-09-14 17:16:43","660","164","1920","30","191.33333333333334","1.3666666666666667","191.33333333333334"
"","Paley, Daniel","lcls","cori haswell","resv","resv","2020-09-14 17:03:03","2020-09-14 17:17:15","2020-09-14 17:18:49","852","94","1920","30","109.66666666666667","0.7833333333333333","109.66666666666667"
"","Paley, Daniel","lcls","cori haswell","resv","resv","2020-09-14 17:03:06","2020-09-14 17:19:24","2020-09-14 17:20:58","978","94","1920","30","109.66666666666667","0.7833333333333333","109.66666666666667"
"","Paley, Daniel","lcls","cori haswell","resv","resv","2020-09-14 17:03:07","2020-09-14 17:21:32","2020-09-14 17:23:39","1105","127","1920","30","148.16666666666666","1.0583333333333333","148.16666666666666"
"","Paley, Daniel","lcls","cori haswell","resv","resv","2020-09-14 17:24:56","2020-09-14 17:24:56","2020-09-14 17:28:11","0","195","64","1","7.583333333333333","0.05416666666666667","7.583333333333333"
"","Paley, Daniel","lcls","cori haswell","resv","resv","2020-09-14 17:30:41","2020-09-14 17:30:41","2020-09-14 17:31:49","0","68","64","1","2.6444444444444444","0.01888888888888889","2.6444444444444444"
"","Paley, Daniel","lcls","cori haswell","resv","resv","2020-09-14 17:32:48","2020-09-14 17:32:48","2020-09-14 17:33:34","0","46","64","1","1.788888888888889","0.012777777777777779","1.788888888888889"
"","Paley, Daniel","lcls","cori haswell","resv","resv","2020-09-14 17:35:49","2020-09-14 17:35:49","2020-09-14 17:37:23","0","94","64","1","3.6555555555555554","0.026111111111111113","3.6555555555555554"
"","Paley, Daniel","lcls","cori haswell","resv","resv","2020-09-14 17:37:53","2020-09-14 17:37:53","2020-09-14 17:38:38","0","45","64","1","1.75","0.0125","1.75"
"","Paley, Daniel","lcls","cori haswell","resv","resv","2020-09-14 17:39:46","2020-09-14 17:39:46","2020-09-14 17:44:12","0","266","64","1","10.344444444444445","0.07388888888888889","10.344444444444445"
"","Paley, Daniel","lcls","cori haswell","resv","resv","2020-09-14 17:47:01","2020-09-14 17:47:01","2020-09-14 17:50:10","0","189","64","1","7.35","0.0525","7.35"
"","Paley, Daniel","lcls","cori haswell","resv","resv","2020-09-14 17:58:11","2020-09-14 17:58:11","2020-09-14 18:01:15","0","184","64","1","7.155555555555556","0.051111111111111114","7.155555555555556"
"","Paley, Daniel","lcls","cori haswell","resv","resv","2020-09-14 19:41:05","2020-09-14 19:41:18","2020-09-14 19:42:38","13","80","1920","30","93.33333333333333","0.6666666666666666","93.33333333333333"
"","Paley, Daniel","lcls","cori haswell","resv","resv","2020-09-14 19:44:06","2020-09-14 19:44:15","2020-09-14 19:46:52","9","157","1920","30","183.16666666666666","1.3083333333333333","183.16666666666666"
"","Paley, Daniel","lcls","cori haswell","resv","resv","2020-09-14 19:44:09","2020-09-14 19:47:25","2020-09-14 19:49:54","196","149","1920","30","173.83333333333334","1.2416666666666667","173.83333333333334"
"","Paley, Daniel","lcls","cori haswell","resv","resv","2020-09-14 19:44:12","2020-09-14 19:50:03","2020-09-14 19:52:14","351","131","1920","30","152.83333333333334","1.0916666666666666","152.83333333333334"
"","Paley, Daniel","lcls","cori haswell","resv","resv","2020-09-14 19:55:46","2020-09-14 19:55:59","2020-09-14 19:58:39","13","160","1920","30","186.66666666666666","1.3333333333333333","186.66666666666666"
"","Paley, Daniel","lcls","cori haswell","resv","resv","2020-09-14 20:02:11","2020-09-14 20:02:21","2020-09-14 20:05:09","10","168","1920","30","196","1.4","196"
"","Paley, Daniel","lcls","cori haswell","resv","resv","2020-09-14 20:02:12","2020-09-14 20:05:46","2020-09-14 20:08:51","214","185","1920","30","215.83333333333334","1.5416666666666667","215.83333333333334"
"","Paley, Daniel","lcls","cori haswell","resv","resv","2020-09-14 20:02:15","2020-09-14 20:09:24","2020-09-14 20:13:18","429","234","1920","30","273","1.95","273"
"","Paley, Daniel","lcls","cori haswell","resv","resv","2020-09-14 20:02:16","2020-09-14 20:13:24","2020-09-14 20:16:19","668","175","1920","30","204.16666666666666","1.4583333333333333","204.16666666666666"
"","Paley, Daniel","lcls","cori haswell","resv","resv","2020-09-14 20:02:19","2020-09-14 20:16:27","2020-09-14 20:26:44","848","617","1920","30","719.8333333333334","5.141666666666667","719.8333333333334"
"","Paley, Daniel","lcls","cori haswell","resv","resv","2020-09-14 20:02:22","2020-09-14 20:26:53","2020-09-14 20:29:36","1471","163","1920","30","190.16666666666666","1.3583333333333334","190.16666666666666"
"","Paley, Daniel","lcls","cori haswell","resv","resv","2020-09-14 20:27:27","2020-09-14 20:30:12","2020-09-14 20:32:43","165","151","1920","30","176.16666666666666","1.2583333333333333","176.16666666666666"
"","Paley, Daniel","lcls","cori haswell","resv","resv","2020-09-14 20:44:51","2020-09-14 20:44:51","2020-09-14 20:48:04","0","193","64","1","7.5055555555555555","0.05361111111111111","7.5055555555555555"
"","Paley, Daniel","lcls","cori haswell","resv","resv","2020-09-14 21:00:55","2020-09-14 21:00:55","2020-09-14 21:16:10","0","915","64","1","35.583333333333336","0.25416666666666665","35.583333333333336"
"","Paley, Daniel","lcls","cori haswell","resv","resv","2020-09-14 21:27:29","2020-09-14 21:27:40","2020-09-14 21:33:04","11","324","512","8","100.8","0.72","100.8"
"","Paley, Daniel","lcls","cori haswell","resv","resv","2020-09-14 21:27:33","2020-09-14 21:27:51","2020-09-14 21:32:53","18","302","512","8","93.95555555555555","0.6711111111111111","93.95555555555555"
"","Paley, Daniel","lcls","cori haswell","resv","resv","2020-09-14 21:27:36","2020-09-14 21:27:51","2020-09-14 21:35:18","15","447","512","8","139.06666666666666","0.9933333333333333","139.06666666666666"
"","Paley, Daniel","lcls","cori haswell","resv","resv","2020-09-14 21:27:37","2020-09-14 21:27:52","2020-09-14 21:32:37","15","285","512","8","88.66666666666667","0.6333333333333333","88.66666666666667"
"","Paley, Daniel","lcls","cori haswell","resv","resv","2020-09-14 21:27:42","2020-09-14 21:32:58","2020-09-14 21:39:07","316","369","512","8","114.8","0.82","114.8"
"","Paley, Daniel","lcls","cori haswell","resv","resv","2020-09-14 21:27:47","2020-09-14 21:33:08","2020-09-14 21:38:14","321","306","512","8","95.2","0.68","95.2"
"","Paley, Daniel","lcls","cori haswell","resv","resv","2020-09-14 21:27:48","2020-09-14 21:34:22","2020-09-14 21:39:21","394","299","512","8","93.02222222222223","0.6644444444444444","93.02222222222223"
"","Paley, Daniel","lcls","cori haswell","resv","resv","2020-09-14 21:28:21","2020-09-14 21:36:14","2020-09-14 21:47:29","473","675","512","8","210","1.5","210"
"","Paley, Daniel","lcls","cori haswell","resv","resv","2020-09-14 21:28:24","2020-09-14 21:38:18","2020-09-14 21:43:43","594","325","512","8","101.11111111111111","0.7222222222222222","101.11111111111111"
"","Paley, Daniel","lcls","cori haswell","resv","resv","2020-09-14 21:28:27","2020-09-14 21:39:34","2020-09-14 21:46:01","667","387","512","8","120.4","0.86","120.4"
"","Paley, Daniel","lcls","cori haswell","resv","resv","2020-09-14 21:28:28","2020-09-14 21:40:52","2020-09-14 21:45:55","744","303","512","8","94.26666666666667","0.6733333333333333","94.26666666666667"
"","Paley, Daniel","lcls","cori haswell","resv","resv","2020-09-14 21:29:02","2020-09-14 21:43:50","2020-09-14 21:48:59","888","309","512","8","96.13333333333334","0.6866666666666666","96.13333333333334"
"","Paley, Daniel","lcls","cori haswell","resv","resv","2020-09-14 21:29:05","2020-09-14 21:46:06","2020-09-14 21:58:06","1021","720","512","8","224","1.6","224"
"","Paley, Daniel","lcls","cori haswell","resv","resv","2020-09-14 21:29:51","2020-09-14 21:46:23","2020-09-14 21:52:56","992","393","512","8","122.26666666666667","0.8733333333333333","122.26666666666667"
"","Paley, Daniel","lcls","cori haswell","resv","resv","2020-09-14 21:29:55","2020-09-14 21:47:39","2020-09-14 21:53:35","1064","356","512","8","110.75555555555556","0.7911111111111111","110.75555555555556"
"","Paley, Daniel","lcls","cori haswell","resv","resv","2020-09-14 21:29:58","2020-09-14 21:49:08","2020-09-14 21:54:40","1150","332","512","8","103.28888888888889","0.7377777777777778","103.28888888888889"
"","Paley, Daniel","lcls","cori haswell","resv","resv","2020-09-14 21:29:59","2020-09-14 21:53:03","2020-09-14 22:00:41","1384","458","512","8","142.48888888888888","1.0177777777777777","142.48888888888888"
"","Paley, Daniel","lcls","cori haswell","resv","resv","2020-09-14 21:30:02","2020-09-14 21:53:45","2020-09-14 22:00:31","1423","406","512","8","126.31111111111112","0.9022222222222223","126.31111111111112"
"","Paley, Daniel","lcls","cori haswell","resv","resv","2020-09-14 21:30:05","2020-09-14 21:54:42","2020-09-14 22:00:41","1477","359","512","8","111.68888888888888","0.7977777777777778","111.68888888888888"
"","Paley, Daniel","lcls","cori haswell","resv","resv","2020-09-14 21:30:06","2020-09-14 21:59:34","2020-09-14 22:06:24","1768","410","512","8","127.55555555555556","0.9111111111111111","127.55555555555556"
"","Paley, Daniel","lcls","cori haswell","resv","resv","2020-09-14 21:30:08","2020-09-14 22:00:37","2020-09-14 22:08:04","1829","447","512","8","139.06666666666666","0.9933333333333333","139.06666666666666"
"","Paley, Daniel","lcls","cori haswell","resv","resv","2020-09-14 21:30:09","2020-09-14 22:00:44","2020-09-14 22:06:02","1835","318","512","8","98.93333333333334","0.7066666666666667","98.93333333333334"
"","Paley, Daniel","lcls","cori haswell","resv","resv","2020-09-14 21:30:10","2020-09-14 22:01:58","2020-09-14 22:07:51","1908","353","512","8","109.82222222222222","0.7844444444444445","109.82222222222222"
"","Paley, Daniel","lcls","cori haswell","resv","resv","2020-09-14 21:30:14","2020-09-14 22:06:09","2020-09-14 22:15:17","2155","548","512","8","170.48888888888888","1.2177777777777778","170.48888888888888"
"","Paley, Daniel","lcls","cori haswell","resv","resv","2020-09-14 21:30:17","2020-09-14 22:07:01","2020-09-14 22:11:51","2204","290","512","8","90.22222222222223","0.6444444444444445","90.22222222222223"
"","Paley, Daniel","lcls","cori haswell","resv","resv","2020-09-14 21:30:19","2020-09-14 22:08:00","2020-09-14 22:12:21","2261","261","512","8","81.2","0.58","81.2"
"","Paley, Daniel","lcls","cori haswell","resv","resv","2020-09-14 21:30:20","2020-09-14 22:08:12","2020-09-14 22:09:45","2272","93","512","8","28.933333333333334","0.20666666666666667","28.933333333333334"
"","Paley, Daniel","lcls","cori haswell","resv","resv","2020-09-14 21:30:22","2020-09-14 22:10:28","2020-09-14 22:16:24","2406","356","512","8","110.75555555555556","0.7911111111111111","110.75555555555556"
"","Paley, Daniel","lcls","cori haswell","resv","resv","2020-09-14 21:30:23","2020-09-14 22:12:28","2020-09-14 22:17:50","2525","322","512","8","100.17777777777778","0.7155555555555555","100.17777777777778"
"","Paley, Daniel","lcls","cori haswell","resv","resv","2020-09-14 21:30:26","2020-09-14 22:12:32","2020-09-14 22:19:13","2526","401","512","8","124.75555555555556","0.8911111111111111","124.75555555555556"
"","Paley, Daniel","lcls","cori haswell","resv","resv","2020-09-14 21:30:27","2020-09-14 22:15:24","2020-09-14 22:20:57","2697","333","512","8","103.6","0.74","103.6"
"","Paley, Daniel","lcls","cori haswell","resv","resv","2020-09-14 21:30:28","2020-09-14 22:16:28","2020-09-14 22:22:01","2760","333","512","8","103.6","0.74","103.6"
"","Paley, Daniel","lcls","cori haswell","resv","resv","2020-09-14 21:30:33","2020-09-14 22:18:02","2020-09-14 22:20:45","2849","163","512","8","50.71111111111111","0.3622222222222222","50.71111111111111"
"","Paley, Daniel","lcls","cori haswell","resv","resv","2020-09-14 21:30:36","2020-09-14 22:20:03","2020-09-14 22:25:44","2967","341","512","8","106.08888888888889","0.7577777777777778","106.08888888888889"
"","Paley, Daniel","lcls","cori haswell","resv","resv","2020-09-14 21:30:40","2020-09-14 22:20:56","2020-09-14 22:26:11","3016","315","512","8","98","0.7","98"
"","Paley, Daniel","lcls","cori haswell","resv","resv","2020-09-14 21:30:53","2020-09-14 22:21:06","2020-09-14 22:24:19","3013","193","512","8","60.044444444444444","0.4288888888888889","60.044444444444444"
"","Paley, Daniel","lcls","cori haswell","resv","resv","2020-09-14 21:30:54","2020-09-14 22:22:04","2020-09-14 22:27:13","3070","309","512","8","96.13333333333334","0.6866666666666666","96.13333333333334"
"","Paley, Daniel","lcls","cori haswell","resv","resv","2020-09-14 21:30:55","2020-09-14 22:24:21","2020-09-14 22:29:38","3206","317","512","8","98.62222222222222","0.7044444444444444","98.62222222222222"
"","Paley, Daniel","lcls","cori haswell","resv","resv","2020-09-14 21:30:56","2020-09-14 22:26:16","2020-09-14 22:33:06","3320","410","512","8","127.55555555555556","0.9111111111111111","127.55555555555556"
"","Paley, Daniel","lcls","cori haswell","resv","resv","2020-09-14 21:30:57","2020-09-14 22:26:53","2020-09-14 22:32:53","3356","360","512","8","112","0.8","112"
"","Paley, Daniel","lcls","cori haswell","resv","resv","2020-09-14 21:30:58","2020-09-14 22:27:25","2020-09-14 22:32:53","3387","328","512","8","102.04444444444445","0.7288888888888889","102.04444444444445"
"","Paley, Daniel","lcls","cori haswell","resv","resv","2020-09-14 21:30:59","2020-09-14 22:29:45","2020-09-14 22:36:54","3526","429","512","8","133.46666666666667","0.9533333333333334","133.46666666666667"
"","Paley, Daniel","lcls","cori haswell","resv","resv","2020-09-14 21:31:00","2020-09-14 22:32:58","2020-09-14 22:38:14","3718","316","512","8","98.31111111111112","0.7022222222222222","98.31111111111112"
"","Paley, Daniel","lcls","cori haswell","resv","resv","2020-09-14 21:31:04","2020-09-14 22:33:02","2020-09-14 22:38:28","3718","326","512","8","101.42222222222222","0.7244444444444444","101.42222222222222"
"","Paley, Daniel","lcls","cori haswell","resv","resv","2020-09-14 21:31:05","2020-09-14 22:33:09","2020-09-14 22:39:01","3724","352","512","8","109.5111111111111","0.7822222222222223","109.5111111111111"
"","Paley, Daniel","lcls","cori haswell","resv","resv","2020-09-14 21:31:06","2020-09-14 22:37:03","2020-09-14 22:41:01","3957","238","512","8","74.04444444444445","0.5288888888888889","74.04444444444445"
"","Paley, Daniel","lcls","cori haswell","resv","resv","2020-09-14 21:31:17","2020-09-14 22:38:33","2020-09-14 22:44:48","4036","375","512","8","116.66666666666667","0.8333333333333334","116.66666666666667"
"","Paley, Daniel","lcls","cori haswell","resv","resv","2020-09-14 21:31:21","2020-09-14 22:39:05","2020-09-14 22:48:22","4064","557","512","8","173.2888888888889","1.2377777777777779","173.2888888888889"
"","Paley, Daniel","lcls","cori haswell","resv","resv","2020-09-14 21:31:24","2020-09-14 22:39:39","2020-09-14 22:45:11","4095","332","512","8","103.28888888888889","0.7377777777777778","103.28888888888889"
"","Paley, Daniel","lcls","cori haswell","resv","resv","2020-09-14 21:31:28","2020-09-14 22:41:10","2020-09-14 22:46:52","4182","342","512","8","106.4","0.76","106.4"
"","Paley, Daniel","lcls","cori haswell","resv","resv","2020-09-14 21:31:29","2020-09-14 22:44:59","2020-09-14 22:53:28","4410","509","512","8","158.35555555555555","1.1311111111111112","158.35555555555555"
"","Paley, Daniel","lcls","cori haswell","resv","resv","2020-09-14 21:31:34","2020-09-14 22:45:18","2020-09-14 22:49:09","4424","231","512","8","71.86666666666666","0.5133333333333333","71.86666666666666"
"","Paley, Daniel","lcls","cori haswell","resv","resv","2020-09-14 21:31:35","2020-09-14 22:46:55","2020-09-14 22:50:51","4520","236","512","8","73.42222222222222","0.5244444444444445","73.42222222222222"
"","Paley, Daniel","lcls","cori haswell","resv","resv","2020-09-14 21:31:36","2020-09-14 22:48:36","2020-09-14 22:54:27","4620","351","512","8","109.2","0.78","109.2"
"","Paley, Daniel","lcls","cori haswell","resv","resv","2020-09-14 21:32:37","2020-09-14 22:49:11","2020-09-14 22:54:27","4594","316","512","8","98.31111111111112","0.7022222222222222","98.31111111111112"
"","Paley, Daniel","lcls","cori haswell","resv","resv","2020-09-14 21:32:38","2020-09-14 22:51:06","2020-09-14 22:56:18","4708","312","512","8","97.06666666666666","0.6933333333333334","97.06666666666666"
"","Paley, Daniel","lcls","cori haswell","resv","resv","2020-09-14 21:32:41","2020-09-14 22:53:36","2020-09-14 23:00:04","4855","388","512","8","120.71111111111111","0.8622222222222222","120.71111111111111"
"","Paley, Daniel","lcls","cori haswell","resv","resv","2020-09-14 21:32:45","2020-09-14 22:54:34","2020-09-14 22:58:57","4909","263","512","8","81.82222222222222","0.5844444444444444","81.82222222222222"
"","Paley, Daniel","lcls","cori haswell","resv","resv","2020-09-14 21:32:48","2020-09-14 22:54:59","2020-09-14 23:00:03","4931","304","512","8","94.57777777777778","0.6755555555555556","94.57777777777778"
"","Paley, Daniel","lcls","cori haswell","resv","resv","2020-09-14 21:32:51","2020-09-14 22:56:22","2020-09-14 23:00:05","5011","223","512","8","69.37777777777778","0.4955555555555556","69.37777777777778"
"","Paley, Daniel","lcls","cori haswell","resv","resv","2020-09-14 21:32:53","2020-09-14 22:59:09","2020-09-14 23:00:05","5176","56","512","8","17.42222222222222","0.12444444444444444","17.42222222222222"
"","Paley, Daniel","lcls","cori haswell","resv","resv","2020-09-15 07:14:31","2020-09-15 07:14:42","2020-09-15 07:23:51","11","549","512","8","170.8","1.22","170.8"
"","Paley, Daniel","lcls","cori haswell","resv","resv","2020-09-15 07:14:33","2020-09-15 07:14:43","2020-09-15 07:23:52","10","549","512","8","170.8","1.22","170.8"
"","Paley, Daniel","lcls","cori haswell","resv","resv","2020-09-15 07:14:36","2020-09-15 07:14:59","2020-09-15 07:24:11","23","552","512","8","171.73333333333332","1.2266666666666666","171.73333333333332"
"","Paley, Daniel","lcls","cori haswell","resv","resv","2020-09-15 07:14:39","2020-09-15 07:15:00","2020-09-15 07:24:21","21","561","512","8","174.53333333333333","1.2466666666666666","174.53333333333333"
"","Paley, Daniel","lcls","cori haswell","resv","resv","2020-09-15 07:14:42","2020-09-15 07:23:57","2020-09-15 07:36:34","555","757","512","8","235.51111111111112","1.6822222222222223","235.51111111111112"
"","Paley, Daniel","lcls","cori haswell","resv","resv","2020-09-15 07:14:48","2020-09-15 07:24:01","2020-09-15 07:39:55","553","954","512","8","296.8","2.12","296.8"
"","Paley, Daniel","lcls","cori haswell","resv","resv","2020-09-15 07:14:55","2020-09-15 07:24:25","2020-09-15 07:35:31","570","666","512","8","207.2","1.48","207.2"
"","Paley, Daniel","lcls","cori haswell","resv","resv","2020-09-15 07:14:58","2020-09-15 07:24:43","2020-09-15 07:35:43","585","660","512","8","205.33333333333334","1.4666666666666666","205.33333333333334"
"","Paley, Daniel","lcls","cori haswell","resv","resv","2020-09-15 07:15:01","2020-09-15 07:35:37","2020-09-15 07:47:01","1236","684","512","8","212.8","1.52","212.8"
"","Paley, Daniel","lcls","cori haswell","resv","resv","2020-09-15 07:15:04","2020-09-15 07:35:54","2020-09-15 07:47:32","1250","698","512","8","217.15555555555557","1.551111111111111","217.15555555555557"
"","Paley, Daniel","lcls","cori haswell","resv","resv","2020-09-15 07:15:08","2020-09-15 07:38:08","2020-09-15 07:49:24","1380","676","512","8","210.3111111111111","1.5022222222222221","210.3111111111111"
"","Paley, Daniel","lcls","cori haswell","resv","resv","2020-09-15 07:15:15","2020-09-15 07:40:05","2020-09-15 07:50:43","1490","638","512","8","198.48888888888888","1.4177777777777778","198.48888888888888"
"","Paley, Daniel","lcls","cori haswell","resv","resv","2020-09-15 07:15:18","2020-09-15 07:47:10","2020-09-15 07:58:03","1912","653","512","8","203.15555555555557","1.451111111111111","203.15555555555557"
"","Paley, Daniel","lcls","cori haswell","resv","resv","2020-09-15 07:15:20","2020-09-15 07:47:36","2020-09-15 07:57:18","1936","582","512","8","181.06666666666666","1.2933333333333332","181.06666666666666"
"","Paley, Daniel","lcls","cori haswell","resv","resv","2020-09-15 07:15:23","2020-09-15 07:50:50","2020-09-15 07:53:02","2127","132","512","8","41.06666666666667","0.29333333333333333","41.06666666666667"
"","Paley, Daniel","lcls","cori haswell","resv","resv","2020-09-15 07:15:25","2020-09-15 07:50:58","2020-09-15 08:02:21","2133","683","512","8","212.48888888888888","1.5177777777777777","212.48888888888888"
"","Paley, Daniel","lcls","cori haswell","resv","resv","2020-09-15 07:15:27","2020-09-15 07:53:10","2020-09-15 08:03:32","2263","622","512","8","193.51111111111112","1.3822222222222222","193.51111111111112"
"","Paley, Daniel","lcls","cori haswell","resv","resv","2020-09-15 07:15:30","2020-09-15 07:57:25","2020-09-15 08:06:51","2515","566","512","8","176.0888888888889","1.2577777777777779","176.0888888888889"
"","Paley, Daniel","lcls","cori haswell","resv","resv","2020-09-15 07:15:33","2020-09-15 07:58:12","2020-09-15 08:07:58","2559","586","512","8","182.3111111111111","1.3022222222222222","182.3111111111111"
"","Paley, Daniel","lcls","cori haswell","resv","resv","2020-09-15 07:15:35","2020-09-15 08:02:36","2020-09-15 08:13:52","2821","676","512","8","210.3111111111111","1.5022222222222221","210.3111111111111"
"","Paley, Daniel","lcls","cori haswell","resv","resv","2020-09-15 07:15:38","2020-09-15 08:03:35","2020-09-15 08:13:51","2877","616","512","8","191.64444444444445","1.3688888888888888","191.64444444444445"
"","Paley, Daniel","lcls","cori haswell","resv","resv","2020-09-15 07:15:41","2020-09-15 08:06:58","2020-09-15 08:16:15","3077","557","512","8","173.2888888888889","1.2377777777777779","173.2888888888889"
"","Paley, Daniel","lcls","cori haswell","resv","resv","2020-09-15 07:15:42","2020-09-15 08:08:11","2020-09-15 08:14:00","3149","349","512","8","108.57777777777778","0.7755555555555556","108.57777777777778"
"","Paley, Daniel","lcls","cori haswell","resv","resv","2020-09-15 07:15:49","2020-09-15 08:14:01","2020-09-15 08:22:51","3492","530","512","8","164.88888888888889","1.1777777777777778","164.88888888888889"
"","Paley, Daniel","lcls","cori haswell","resv","resv","2020-09-15 07:15:52","2020-09-15 08:14:10","2020-09-15 08:16:29","3498","139","512","8","43.24444444444445","0.3088888888888889","43.24444444444445"
"","Paley, Daniel","lcls","cori haswell","resv","resv","2020-09-15 07:15:53","2020-09-15 08:15:20","2020-09-15 08:16:14","3567","54","512","8","16.8","0.12","16.8"
"","Paley, Daniel","lcls","cori haswell","resv","resv","2020-09-15 07:15:56","2020-09-15 08:16:22","2020-09-15 08:28:51","3626","749","512","8","233.0222222222222","1.6644444444444444","233.0222222222222"
"","Paley, Daniel","lcls","cori haswell","resv","resv","2020-09-15 07:16:00","2020-09-15 08:16:22","2020-09-15 08:21:22","3622","300","512","8","93.33333333333333","0.6666666666666666","93.33333333333333"
"","Paley, Daniel","lcls","cori haswell","resv","resv","2020-09-15 07:16:04","2020-09-15 08:16:41","2020-09-15 08:27:53","3637","672","512","8","209.06666666666666","1.4933333333333334","209.06666666666666"
"","Paley, Daniel","lcls","cori haswell","resv","resv","2020-09-15 07:16:07","2020-09-15 08:21:43","2020-09-15 08:22:39","3936","56","512","8","17.42222222222222","0.12444444444444444","17.42222222222222"
"","Paley, Daniel","lcls","cori haswell","resv","resv","2020-09-15 07:16:11","2020-09-15 08:23:03","2020-09-15 08:34:01","4012","658","512","8","204.7111111111111","1.4622222222222223","204.7111111111111"
"","Paley, Daniel","lcls","cori haswell","resv","resv","2020-09-15 07:16:14","2020-09-15 08:23:27","2020-09-15 08:33:50","4033","623","512","8","193.82222222222222","1.3844444444444444","193.82222222222222"
"","Paley, Daniel","lcls","cori haswell","resv","resv","2020-09-15 07:16:18","2020-09-15 08:28:18","2020-09-15 08:38:43","4320","625","512","8","194.44444444444446","1.3888888888888888","194.44444444444446"
"","Paley, Daniel","lcls","cori haswell","resv","resv","2020-09-15 07:16:20","2020-09-15 08:29:08","2020-09-15 08:39:39","4368","631","512","8","196.3111111111111","1.4022222222222223","196.3111111111111"
"","Paley, Daniel","lcls","cori haswell","resv","resv","2020-09-15 09:17:52","2020-09-15 09:18:01","2020-09-15 09:31:32","9","811","512","8","252.3111111111111","1.8022222222222222","252.3111111111111"
"","Paley, Daniel","lcls","cori haswell","resv","resv","2020-09-15 09:17:55","2020-09-15 09:18:05","2020-09-15 09:27:37","10","572","512","8","177.95555555555555","1.271111111111111","177.95555555555555"
"","Paley, Daniel","lcls","cori haswell","resv","resv","2020-09-15 09:17:58","2020-09-15 09:18:16","2020-09-15 09:19:55","18","99","512","8","30.8","0.22","30.8"
"","Paley, Daniel","lcls","cori haswell","resv","resv","2020-09-15 09:18:35","2020-09-15 09:18:51","2020-09-15 09:21:44","16","173","512","8","53.82222222222222","0.3844444444444444","53.82222222222222"
"","Paley, Daniel","lcls","cori haswell","resv","resv","2020-09-15 09:19:04","2020-09-15 09:20:08","2020-09-15 09:29:21","64","553","512","8","172.04444444444445","1.228888888888889","172.04444444444445"
"","Paley, Daniel","lcls","cori haswell","resv","resv","2020-09-15 09:19:09","2020-09-15 09:21:49","2020-09-15 09:30:58","160","549","512","8","170.8","1.22","170.8"
"","Paley, Daniel","lcls","cori haswell","resv","resv","2020-09-15 09:19:11","2020-09-15 09:27:41","2020-09-15 09:28:28","510","47","512","8","14.622222222222222","0.10444444444444445","14.622222222222222"
"","Paley, Daniel","lcls","cori haswell","resv","resv","2020-09-15 09:19:13","2020-09-15 09:28:38","2020-09-15 09:38:30","565","592","512","8","184.17777777777778","1.3155555555555556","184.17777777777778"
"","Paley, Daniel","lcls","cori haswell","resv","resv","2020-09-15 09:19:23","2020-09-15 09:30:56","2020-09-15 09:31:57","693","61","512","8","18.977777777777778","0.13555555555555557","18.977777777777778"
"","Paley, Daniel","lcls","cori haswell","resv","resv","2020-09-15 09:19:29","2020-09-15 09:31:35","2020-09-15 09:32:29","726","54","512","8","16.8","0.12","16.8"
"","Paley, Daniel","lcls","cori haswell","resv","resv","2020-09-15 09:19:40","2020-09-15 09:31:43","2020-09-15 09:40:52","723","549","512","8","170.8","1.22","170.8"
"","Paley, Daniel","lcls","cori haswell","resv","resv","2020-09-15 09:19:42","2020-09-15 09:32:08","2020-09-15 09:33:02","746","54","512","8","16.8","0.12","16.8"
"","Paley, Daniel","lcls","cori haswell","resv","resv","2020-09-15 09:19:43","2020-09-15 09:32:37","2020-09-15 09:33:37","774","60","512","8","18.666666666666668","0.13333333333333333","18.666666666666668"
"","Paley, Daniel","lcls","cori haswell","resv","resv","2020-09-15 09:19:52","2020-09-15 09:33:15","2020-09-15 09:34:13","803","58","512","8","18.044444444444444","0.1288888888888889","18.044444444444444"
"","Paley, Daniel","lcls","cori haswell","resv","resv","2020-09-15 09:19:57","2020-09-15 09:34:14","2020-09-15 09:35:00","857","46","512","8","14.311111111111112","0.10222222222222223","14.311111111111112"
"","Paley, Daniel","lcls","cori haswell","resv","resv","2020-09-15 09:19:58","2020-09-15 09:34:23","2020-09-15 09:44:31","865","608","512","8","189.15555555555557","1.3511111111111112","189.15555555555557"
"","Paley, Daniel","lcls","cori haswell","resv","resv","2020-09-15 09:20:10","2020-09-15 09:35:05","2020-09-15 09:46:09","895","664","512","8","206.57777777777778","1.4755555555555555","206.57777777777778"
"","Paley, Daniel","lcls","cori haswell","resv","resv","2020-09-15 10:06:20","2020-09-15 10:06:30","2020-09-15 10:25:10","10","1120","512","8","348.44444444444446","2.488888888888889","348.44444444444446"
"","Paley, Daniel","lcls","cori haswell","resv","resv","2020-09-15 10:06:24","2020-09-15 10:06:35","2020-09-15 10:16:04","11","569","512","8","177.0222222222222","1.2644444444444445","177.0222222222222"
"","Paley, Daniel","lcls","cori haswell","resv","resv","2020-09-15 10:10:37","2020-09-15 10:10:54","2020-09-15 10:22:28","17","694","512","8","215.9111111111111","1.5422222222222222","215.9111111111111"
"","Paley, Daniel","lcls","cori haswell","resv","resv","2020-09-15 10:10:39","2020-09-15 10:10:55","2020-09-15 10:23:11","16","736","512","8","228.9777777777778","1.6355555555555557","228.9777777777778"
"","Paley, Daniel","lcls","cori haswell","resv","resv","2020-09-15 10:10:46","2020-09-15 10:16:16","2020-09-15 10:26:51","330","635","512","8","197.55555555555554","1.4111111111111112","197.55555555555554"
"","Paley, Daniel","lcls","cori haswell","resv","resv","2020-09-15 11:52:00","2020-09-15 11:52:00","2020-09-15 12:22:28","0","1828","64","1","71.08888888888889","0.5077777777777778","71.08888888888889"
"","Paley, Daniel","lcls","cori haswell","resv","resv","2020-09-15 12:47:23","2020-09-15 12:47:23","2020-09-15 13:17:50","0","1827","64","1","71.05","0.5075","71.05"
"","Paley, Daniel","lcls","cori haswell","resv","resv","2020-09-15 13:43:50","2020-09-15 13:44:06","2020-09-15 13:44:30","16","24","512","8","7.466666666666667","0.05333333333333334","7.466666666666667"
"","Paley, Daniel","lcls","cori haswell","resv","resv","2020-09-15 13:43:55","2020-09-15 13:44:06","2020-09-15 13:44:31","11","25","512","8","7.777777777777778","0.05555555555555555","7.777777777777778"
"","Paley, Daniel","lcls","cori haswell","resv","resv","2020-09-15 13:43:59","2020-09-15 13:44:26","2020-09-15 13:44:31","27","5","512","8","1.5555555555555556","0.011111111111111112","1.5555555555555556"
"","Paley, Daniel","lcls","cori haswell","resv","resv","2020-09-15 13:44:05","2020-09-15 13:44:26","2020-09-15 13:44:32","21","6","512","8","1.8666666666666667","0.013333333333333334","1.8666666666666667"
"","Paley, Daniel","lcls","cori haswell","resv","resv","2020-09-15 13:46:41","2020-09-15 13:46:55","2020-09-15 13:52:27","14","332","1920","30","387.3333333333333","2.7666666666666666","387.3333333333333"
"","Paley, Daniel","lcls","cori haswell","resv","resv","2020-09-15 13:46:46","2020-09-15 13:53:05","2020-09-15 13:58:20","379","315","1920","30","367.5","2.625","367.5"
"","Paley, Daniel","lcls","cori haswell","resv","resv","2020-09-15 13:46:51","2020-09-15 13:58:27","2020-09-15 14:03:43","696","316","1920","30","368.6666666666667","2.6333333333333333","368.6666666666667"
"","Paley, Daniel","lcls","cori haswell","resv","resv","2020-09-15 13:46:52","2020-09-15 14:04:41","2020-09-15 14:10:19","1069","338","1920","30","394.3333333333333","2.816666666666667","394.3333333333333"
"","Paley, Daniel","lcls","cori haswell","resv","resv","2020-09-15 13:46:57","2020-09-15 14:10:27","2020-09-15 14:14:06","1410","219","1920","30","255.5","1.825","255.5"
"","Paley, Daniel","lcls","cori haswell","resv","resv","2020-09-15 14:16:58","2020-09-15 14:17:13","2020-09-15 14:21:19","15","246","1920","30","287","2.05","287"
"","Paley, Daniel","lcls","cori haswell","resv","resv","2020-09-15 14:17:01","2020-09-15 14:21:55","2020-09-15 14:25:50","294","235","1920","30","274.1666666666667","1.9583333333333333","274.1666666666667"
"","Paley, Daniel","lcls","cori haswell","resv","resv","2020-09-15 14:17:04","2020-09-15 14:26:29","2020-09-15 14:29:20","565","171","1920","30","199.5","1.425","199.5"
"","Paley, Daniel","lcls","cori haswell","resv","resv","2020-09-15 14:17:10","2020-09-15 14:29:58","2020-09-15 14:32:50","768","172","1920","30","200.66666666666666","1.4333333333333333","200.66666666666666"
"","Paley, Daniel","lcls","cori haswell","resv","resv","2020-09-15 14:17:13","2020-09-15 14:32:55","2020-09-15 15:33:28","942","3633","1920","30","4238.5","30.275","4238.5"
"","Paley, Daniel","lcls","cori haswell","resv","resv","2020-09-15 14:17:18","2020-09-15 15:33:43","2020-09-15 15:36:40","4585","177","1920","30","206.5","1.475","206.5"
"","Paley, Daniel","lcls","cori haswell","resv","resv","2020-09-15 14:28:45","2020-09-15 15:36:49","2020-09-15 15:39:50","4084","181","1920","30","211.16666666666666","1.5083333333333333","211.16666666666666"
"","Paley, Daniel","lcls","cori haswell","resv","resv","2020-09-15 14:28:48","2020-09-15 15:39:57","2020-09-15 15:42:57","4269","180","1920","30","210","1.5","210"
"","Paley, Daniel","lcls","cori haswell","resv","resv","2020-09-15 14:28:52","2020-09-15 15:43:34","2020-09-15 15:46:51","4482","197","1920","30","229.83333333333334","1.6416666666666666","229.83333333333334"
"","Paley, Daniel","lcls","cori haswell","resv","resv","2020-09-15 14:28:55","2020-09-15 15:46:58","2020-09-15 15:50:03","4683","185","1920","30","215.83333333333334","1.5416666666666667","215.83333333333334"
"","Paley, Daniel","lcls","cori haswell","resv","resv","2020-09-15 14:28:59","2020-09-15 15:50:10","2020-09-15 16:01:19","4871","669","1920","30","780.5","5.575","780.5"
"","Paley, Daniel","lcls","cori haswell","resv","resv","2020-09-15 16:00:49","2020-09-15 16:01:40","2020-09-15 16:06:10","51","270","1920","30","315","2.25","315"
"","Paley, Daniel","lcls","cori haswell","resv","resv","2020-09-15 16:24:46","2020-09-15 16:24:58","2020-09-15 16:27:50","12","172","1920","30","200.66666666666666","1.4333333333333333","200.66666666666666"
"","Paley, Daniel","lcls","cori haswell","resv","resv","2020-09-15 16:31:11","2020-09-15 16:31:19","2020-09-15 16:34:15","8","176","1920","30","205.33333333333334","1.4666666666666666","205.33333333333334"
"","Paley, Daniel","lcls","cori haswell","resv","resv","2020-09-15 16:40:08","2020-09-15 16:40:15","2020-09-15 16:42:30","7","135","1920","30","157.5","1.125","157.5"
"","Paley, Daniel","lcls","cori haswell","resv","resv","2020-09-15 16:40:10","2020-09-15 16:43:07","2020-09-15 16:45:16","177","129","1920","30","150.5","1.075","150.5"
"","Paley, Daniel","lcls","cori haswell","resv","resv","2020-09-15 16:40:11","2020-09-15 16:45:25","2020-09-15 16:48:22","314","177","1920","30","206.5","1.475","206.5"
"","Paley, Daniel","lcls","cori haswell","resv","resv","2020-09-15 16:40:12","2020-09-15 16:48:30","2020-09-15 16:50:36","498","126","1920","30","147","1.05","147"
"","Paley, Daniel","lcls","cori haswell","resv","resv","2020-09-15 16:40:14","2020-09-15 16:51:12","2020-09-15 16:53:34","658","142","1920","30","165.66666666666666","1.1833333333333333","165.66666666666666"
"","Paley, Daniel","lcls","cori haswell","resv","resv","2020-09-15 16:40:17","2020-09-15 16:53:58","2020-09-15 16:56:24","821","146","1920","30","170.33333333333334","1.2166666666666666","170.33333333333334"
"","Paley, Daniel","lcls","cori haswell","resv","resv","2020-09-15 16:40:21","2020-09-15 16:56:29","2020-09-15 16:58:38","968","129","1920","30","150.5","1.075","150.5"
"","Paley, Daniel","lcls","cori haswell","resv","resv","2020-09-15 16:40:23","2020-09-15 16:59:14","2020-09-15 17:01:35","1131","141","1920","30","164.5","1.175","164.5"
"","Paley, Daniel","lcls","cori haswell","resv","resv","2020-09-15 16:40:26","2020-09-15 17:02:07","2020-09-15 17:03:49","1301","102","1920","30","119","0.85","119"
"","Paley, Daniel","lcls","cori haswell","resv","resv","2020-09-15 16:40:31","2020-09-15 17:04:17","2020-09-15 17:06:07","1426","110","1920","30","128.33333333333334","0.9166666666666666","128.33333333333334"
"","Paley, Daniel","lcls","cori haswell","resv","resv","2020-09-15 16:40:37","2020-09-15 17:06:41","2020-09-15 17:08:32","1564","111","1920","30","129.5","0.925","129.5"
"","Paley, Daniel","lcls","cori haswell","resv","resv","2020-09-15 17:18:27","2020-09-15 17:18:27","2020-09-15 17:22:13","0","226","64","1","8.78888888888889","0.06277777777777778","8.78888888888889"
"","Paley, Daniel","lcls","cori haswell","resv","resv","2020-09-15 17:23:55","2020-09-15 17:23:55","2020-09-15 17:33:31","0","576","64","1","22.4","0.16","22.4"
"","Paley, Daniel","lcls","cori haswell","resv","resv","2020-09-15 17:43:41","2020-09-15 17:43:41","2020-09-15 17:52:03","0","502","64","1","19.522222222222222","0.13944444444444445","19.522222222222222"
"","Paley, Daniel","lcls","cori haswell","resv","resv","2020-09-15 17:53:32","2020-09-15 17:53:32","2020-09-15 18:23:44","0","1812","64","1","70.46666666666667","0.5033333333333333","70.46666666666667"